{
  "zero_shot_clip": {
    "accuracy": 0.50195,
    "precision": 0.5009787682577925,
    "recall": 0.9981,
    "f1": 0.6671122547872874,
    "auc": 0.589384165,
    "confusion_matrix": [
      [
        58,
        9942
      ],
      [
        19,
        9981
      ]
    ]
  },
  "finetuned_clip": {
    "accuracy": 0.9659,
    "precision": 0.9614698890649762,
    "recall": 0.9707,
    "f1": 0.9660628980891719,
    "auc": 0.995277255,
    "confusion_matrix": [
      [
        9611,
        389
      ],
      [
        293,
        9707
      ]
    ]
  },
  "baseline_cnn": {
    "accuracy": 0.95625,
    "precision": 0.9520459724561577,
    "recall": 0.9609,
    "f1": 0.9564524958940925,
    "auc": 0.9920590949999999,
    "confusion_matrix": [
      [
        9516,
        484
      ],
      [
        391,
        9609
      ]
    ]
  }
}